﻿<?xml version="1.0" encoding="utf-8"?><meta xmlns:xsi="http://www.w3.org/2001/XMLSchema-instance" xmlns:xsd="http://www.w3.org/2001/XMLSchema"><project id="6M0M9zOYU89" courseid="6L7T7OhBS1m_course_id" thumburl="story_content/thumbnail.jpg" title="Correlation vs Causation" datepublished="2024-12-02T14:32:54" version="1.0.0.0" flashdata="story_content/data.swf" html5data="mobile/data.json" mobiledata="mobile/data.gz" enabledownload="false" duration="About 3 minutes" totalaudio="109871" totalvideo="0"><description>A discussion on the concepts and their differences.</description><keywords /><slidemeta moniker="slide" monikerplural="slides" viewslides="14" slidecountdescription="14 slides" /><author name="Nguna, Sethu" email="" website="" /><application name="Articulate Storyline" version="3.17.27621.0" xmlversion="4.0" /></project></meta>